{
    "0":{
        "cardinality":15035520.0,
        "fraction_sampled":0.002793385263695569,
        "n_samples":42000,
        "p_occurrence":2.0431982073992995e-07,
        "subset":[
            2,
            0,
            0,
            0,
            0,
            0,
            2,
            0
        ]
    },
    "1":{
        "cardinality":34007040.0,
        "fraction_sampled":0.0012350383920505872,
        "n_samples":42000,
        "p_occurrence":1.1553162639173585e-07,
        "subset":[
            2,
            0,
            0,
            0,
            0,
            1,
            1,
            0
        ]
    },
    "2":{
        "cardinality":55454976.0,
        "fraction_sampled":0.0007573711690002354,
        "n_samples":42000,
        "p_occurrence":1.1491953587725013e-07,
        "subset":[
            0,
            0,
            1,
            2,
            0,
            0,
            1,
            0
        ]
    },
    "3":{
        "cardinality":227808.0,
        "fraction_sampled":0.18436578171091444,
        "n_samples":42000,
        "p_occurrence":1.2066102416140587e-07,
        "subset":[
            0,
            0,
            2,
            0,
            0,
            0,
            0,
            1
        ]
    },
    "4":{
        "cardinality":18336.0,
        "fraction_sampled":1.0,
        "n_samples":18336.0,
        "p_occurrence":1.074450938088881e-06,
        "subset":[
            0,
            0,
            0,
            0,
            0,
            0,
            2,
            0
        ]
    },
    "5":{
        "cardinality":16652113920.0,
        "fraction_sampled":2.5222022982653244e-06,
        "n_samples":42000,
        "p_occurrence":1.217456040713626e-07,
        "subset":[
            3,
            0,
            1,
            1,
            0,
            0,
            1,
            0
        ]
    },
    "6":{
        "cardinality":6912.0,
        "fraction_sampled":1.4467592592592593,
        "n_samples":10000,
        "p_occurrence":2.5921832056812226e-07,
        "subset":[
            0,
            0,
            0,
            0,
            0,
            0,
            1,
            1
        ]
    },
    "7":{
        "cardinality":1366848.0,
        "fraction_sampled":0.030727630285152407,
        "n_samples":42000,
        "p_occurrence":2.8279927538208797e-07,
        "subset":[
            0,
            0,
            2,
            0,
            0,
            1,
            0,
            0
        ]
    },
    "8":{
        "cardinality":1214976.0,
        "fraction_sampled":0.03456858407079646,
        "n_samples":42000,
        "p_occurrence":1.0055085346504431e-06,
        "subset":[
            0,
            0,
            2,
            0,
            0,
            0,
            1,
            0
        ]
    },
    "9":{
        "cardinality":41472.0,
        "fraction_sampled":1.0,
        "n_samples":41472.0,
        "p_occurrence":6.075429388396852e-07,
        "subset":[
            0,
            0,
            0,
            0,
            0,
            1,
            1,
            0
        ]
    },
    "10":{
        "cardinality":56040768.0,
        "fraction_sampled":0.0007494543971988392,
        "n_samples":42000,
        "p_occurrence":1.7657010594922245e-07,
        "subset":[
            1,
            0,
            2,
            0,
            0,
            1,
            0,
            0
        ]
    },
    "11":{
        "cardinality":49814016.0,
        "fraction_sampled":0.0008431361968486941,
        "n_samples":42000,
        "p_occurrence":6.278048211269265e-07,
        "subset":[
            1,
            0,
            2,
            0,
            0,
            0,
            1,
            0
        ]
    },
    "12":{
        "cardinality":996280320.0,
        "fraction_sampled":4.215680984243471e-05,
        "n_samples":42000,
        "p_occurrence":1.91209590190942e-07,
        "subset":[
            2,
            0,
            2,
            0,
            0,
            0,
            1,
            0
        ]
    },
    "13":{
        "cardinality":1700352.0,
        "fraction_sampled":0.024700767841011745,
        "n_samples":42000,
        "p_occurrence":3.793288399861994e-07,
        "subset":[
            1,
            0,
            0,
            0,
            0,
            1,
            1,
            0
        ]
    },
    "14":{
        "cardinality":751776.0,
        "fraction_sampled":0.055867705273911376,
        "n_samples":42000,
        "p_occurrence":6.708500780961034e-07,
        "subset":[
            1,
            0,
            0,
            0,
            0,
            0,
            2,
            0
        ]
    },
    "15":{
        "cardinality":283392.0,
        "fraction_sampled":0.14820460704607047,
        "n_samples":42000,
        "p_occurrence":1.6184697172527435e-07,
        "subset":[
            1,
            0,
            0,
            0,
            0,
            0,
            1,
            1
        ]
    }
}